<?xml version="1.0" encoding="UTF-8"?>
<project-private xmlns="http://www.netbeans.org/ns/project-private/1">
    <editor-bookmarks xmlns="http://www.netbeans.org/ns/editor-bookmarks/2" lastBookmarkId="0"/>
    <open-files xmlns="http://www.netbeans.org/ns/projectui-open-files/2">
        <group>
            <file>file:/C:/Users/emmat/Documents/TIS4/Projet/MedSolutions/MedSolutions/src/UI/Connexion.java</file>
            <file>file:/C:/Users/emmat/Documents/TIS4/Projet/MedSolutions/MedSolutions/nbproject/build-impl.xml</file>
            <file>file:/C:/Users/emmat/Documents/TIS4/Projet/MedSolutions/MedSolutions/src/UI/AjouterPatient.java</file>
        </group>
    </open-files>
</project-private>
